﻿<?xml version="1.0"?>
<doc>
<assembly>
<name>
SetMxdSource
</name>
</assembly>
<members>
<member name="P:SetMxdSource.My.Resources.Resources.ResourceManager">
	<summary>
  Returns the cached ResourceManager instance used by this class.
</summary>
</member><member name="P:SetMxdSource.My.Resources.Resources.Culture">
	<summary>
  Overrides the current thread's CurrentUICulture property for all
  resource lookups using this strongly typed resource class.
</summary>
</member><member name="T:SetMxdSource.My.Resources.Resources">
	<summary>
  A strongly-typed resource class, for looking up localized strings, etc.
</summary>
</member><member name="M:SetMxdSource.cmdSetSource.set_NewSource">
	<summary>
 This will prompt you for a GDB and change the layer source accordingly
 </summary>
	<remarks></remarks>
</member>
</members>
</doc>