<?xml version="1.0"?>
<!--<!DOCTYPE metadata SYSTEM "http://www.esri.com/metadata/esriprof80.dtd">-->
<metadata xml:lang="en"><Esri><CreaDate>20111212</CreaDate><CreaTime>11053300</CreaTime><SyncOnce>FALSE</SyncOnce><SyncDate>20120130</SyncDate><SyncTime>18052800</SyncTime><ModDate>20120130</ModDate><ModTime>18052800</ModTime><DataProperties><lineage><Process Name="FeatureClassToFeatureClass_10" ToolSource="C:\Program Files\ArcGIS\ArcToolbox\Toolboxes\Conversion Tools.tbx\FeatureClassToFeatureClass" Date="20080501" Time="104625">FeatureClassToFeatureClass "Database Connections\GISDATA.cambridge.OTIS.5151.sde\cambridge.GISDATA.Planimetric\cambridge.GISDATA.Buildings" \\cosmo\data\BasemapPlanimetric\shapefiles Buildings.shp # "FCODE FCODE true true false 4 Long 0 10 ,First,#,Database Connections\GISDATA.cambridge.OTIS.5151.sde\cambridge.GISDATA.Planimetric\cambridge.GISDATA.Buildings,FCODE,-1,-1;ROOFELEV ROOFELEV true true false 8 Double 11 19 ,First,#,Database Connections\GISDATA.cambridge.OTIS.5151.sde\cambridge.GISDATA.Planimetric\cambridge.GISDATA.Buildings,ROOFELEV,-1,-1;HIGHELEV HIGHELEV true true false 8 Double 11 19 ,First,#,Database Connections\GISDATA.cambridge.OTIS.5151.sde\cambridge.GISDATA.Planimetric\cambridge.GISDATA.Buildings,HIGHELEV,-1,-1;SRC_DATE SRC_DATE true true false 4 Long 0 10 ,First,#,Database Connections\GISDATA.cambridge.OTIS.5151.sde\cambridge.GISDATA.Planimetric\cambridge.GISDATA.Buildings,SRC_DATE,-1,-1;BLOCK BLOCK true true false 4 Long 0 10 ,First,#,Database Connections\GISDATA.cambridge.OTIS.5151.sde\cambridge.GISDATA.Planimetric\cambridge.GISDATA.Buildings,BLOCK,-1,-1;MAPID MAPID true true false 4 Long 0 10 ,First,#,Database Connections\GISDATA.cambridge.OTIS.5151.sde\cambridge.GISDATA.Planimetric\cambridge.GISDATA.Buildings,MAPID,-1,-1;CONCATEID CONCATEID true true false 50 Text 0 0 ,First,#,Database Connections\GISDATA.cambridge.OTIS.5151.sde\cambridge.GISDATA.Planimetric\cambridge.GISDATA.Buildings,CONCATEID,-1,-1;GROUNDHIGH GROUNDHIGH true true false 8 Double 4 14 ,First,#,Database Connections\GISDATA.cambridge.OTIS.5151.sde\cambridge.GISDATA.Planimetric\cambridge.GISDATA.Buildings,GROUNDHIGH,-1,-1;GROUNDROOF GROUNDROOF true true false 8 Double 4 14 ,First,#,Database Connections\GISDATA.cambridge.OTIS.5151.sde\cambridge.GISDATA.Planimetric\cambridge.GISDATA.Buildings,GROUNDROOF,-1,-1;ELEVGROUND ELEVGROUND true true false 8 Double 4 14 ,First,#,Database Connections\GISDATA.cambridge.OTIS.5151.sde\cambridge.GISDATA.Planimetric\cambridge.GISDATA.Buildings,ELEVGROUND,-1,-1;DISTTODATA DISTTODATA true true false 8 Double 5 11 ,First,#,Database Connections\GISDATA.cambridge.OTIS.5151.sde\cambridge.GISDATA.Planimetric\cambridge.GISDATA.Buildings,DISTTODATA,-1,-1;area area false false true 0 Double 0 0 ,First,#,Database Connections\GISDATA.cambridge.OTIS.5151.sde\cambridge.GISDATA.Planimetric\cambridge.GISDATA.Buildings,SHAPE.area,-1,-1;len len false false true 0 Double 0 0 ,First,#,Database Connections\GISDATA.cambridge.OTIS.5151.sde\cambridge.GISDATA.Planimetric\cambridge.GISDATA.Buildings,SHAPE.len,-1,-1" # \\cosmo\data\BasemapPlanimetric\shapefiles\Buildings.shp</Process><Process ToolSource="C:\Program Files\ArcGIS\ArcToolbox\Toolboxes\Data Management Tools.tbx\Merge" Date="20090727" Time="125658">Merge 'Buildings selection';som_building_heights;'som_buildings_measures selection selection' C:\Dissertation_GIS\scratch.gdb\cam_som_bldngs "SRC_DATE 'SRC_DATE' true true false 10 Double 0 10 ,First,#,Buildings selection,SRC_DATE,-1,-1;GROUNDROOF 'GROUNDROOF' true true false 15 Double 4 14 ,First,#,Buildings selection,GROUNDROOF,-1,-1;height 'height' true true false 19 Double 0 0 ,First,#,som_building_heights,height,-1,-1"</Process><Process ToolSource="C:\Program Files\ArcGIS\ArcToolbox\Toolboxes\Data Management Tools.tbx\AddField" Date="20090905" Time="171233">AddField "C:\Documents and Settings\Andres Sevtsuk\My Documents\Dissertation_Research\data\cambridge-somerville\buildings\new_buildings\cam_som_buildings.shp" Weight LONG # # # # NON_NULLABLE NON_REQUIRED # "C:\Documents and Settings\Andres Sevtsuk\My Documents\Dissertation_Research\data\cambridge-somerville\buildings\new_buildings\cam_som_buildings.shp"</Process><Process ToolSource="C:\Program Files\ArcGIS\ArcToolbox\Toolboxes\Data Management Tools.tbx\SelectLayerByAttribute" Date="20090906" Time="124104">SelectLayerByAttribute Input_Features_Layer NEW_SELECTION ""FID" = 23 OR "FID" = 13" Input_Features_Layer</Process><Process ToolSource="C:\Program Files\ArcGIS\ArcToolbox\Toolboxes\Data Management Tools.tbx\SelectLayerByAttribute" Date="20090906" Time="124309">SelectLayerByAttribute Input_Features_Layer NEW_SELECTION ""FID" = 20" Input_Features_Layer</Process><Process ToolSource="C:\Program Files\ArcGIS\ArcToolbox\Toolboxes\Data Management Tools.tbx\SelectLayerByAttribute" Date="20090906" Time="154034">SelectLayerByAttribute Input_Features_Layer NEW_SELECTION ""FID" = 28 OR "FID" = 48 OR "FID" = 35" Input_Features_Layer</Process><Process ToolSource="C:\Program Files\ArcGIS\ArcToolbox\Toolboxes\Data Management Tools.tbx\SelectLayerByAttribute" Date="20090906" Time="155812">SelectLayerByAttribute Input_Features_Layer NEW_SELECTION ""FID" = 28 OR "FID" = 48" Input_Features_Layer</Process><Process ToolSource="C:\Program Files\ArcGIS\ArcToolbox\Toolboxes\Data Management Tools.tbx\SelectLayerByAttribute" Date="20090906" Time="160156">SelectLayerByAttribute Input_Features_Layer NEW_SELECTION ""FID" = 28 OR "FID" = 48" Input_Features_Layer</Process><Process ToolSource="C:\Program Files\ArcGIS\ArcToolbox\Toolboxes\Data Management Tools.tbx\SelectLayerByAttribute" Date="20090906" Time="160559">SelectLayerByAttribute Input_Features_Layer NEW_SELECTION ""FID" = 28 OR "FID" = 48" Input_Features_Layer</Process><Process ToolSource="C:\Program Files\ArcGIS\ArcToolbox\Toolboxes\Data Management Tools.tbx\SelectLayerByAttribute" Date="20090906" Time="161502">SelectLayerByAttribute Input_Features_Layer NEW_SELECTION ""FID" = 4 OR "FID" = 3 OR "FID" = 10" Input_Features_Layer</Process><Process ToolSource="C:\Program Files\ArcGIS\ArcToolbox\Toolboxes\Data Management Tools.tbx\SelectLayerByAttribute" Date="20090907" Time="113023">SelectLayerByAttribute Input_Features_Layer NEW_SELECTION ""FID" = 11" Input_Features_Layer</Process><Process ToolSource="C:\Program Files\ArcGIS\ArcToolbox\Toolboxes\Data Management Tools.tbx\SelectLayerByAttribute" Date="20090907" Time="113845">SelectLayerByAttribute Input_Features_Layer NEW_SELECTION ""FID" = 11 OR "FID" = 33" Input_Features_Layer</Process><Process ToolSource="C:\Program Files\ArcGIS\ArcToolbox\Toolboxes\Data Management Tools.tbx\SelectLayerByAttribute" Date="20090907" Time="113929">SelectLayerByAttribute Input_Features_Layer NEW_SELECTION ""FID" = 11 OR "FID" = 33" Input_Features_Layer</Process><Process ToolSource="C:\Program Files\ArcGIS\ArcToolbox\Toolboxes\Data Management Tools.tbx\SelectLayerByAttribute" Date="20090907" Time="114424">SelectLayerByAttribute Input_Features_Layer NEW_SELECTION ""FID" = 11 OR "FID" = 33" Input_Features_Layer</Process><Process ToolSource="C:\Program Files\ArcGIS\ArcToolbox\Toolboxes\Data Management Tools.tbx\SelectLayerByAttribute" Date="20090907" Time="115128">SelectLayerByAttribute Input_Features_Layer NEW_SELECTION ""FID" = 11 OR "FID" = 33 OR "FID" = 21" Input_Features_Layer</Process><Process ToolSource="C:\Program Files\ArcGIS\ArcToolbox\Toolboxes\Data Management Tools.tbx\SelectLayerByAttribute" Date="20090907" Time="115752">SelectLayerByAttribute Input_Features_Layer NEW_SELECTION ""FID" = 11 OR "FID" = 33" Input_Features_Layer</Process><Process ToolSource="C:\Program Files\ArcGIS\ArcToolbox\Toolboxes\Data Management Tools.tbx\SelectLayerByAttribute" Date="20090907" Time="120351">SelectLayerByAttribute Input_Features_Layer NEW_SELECTION ""FID" = 11 OR "FID" = 33" Input_Features_Layer</Process><Process ToolSource="C:\Program Files (x86)\ArcGIS\Desktop10.0\ArcToolbox\Toolboxes\Data Management Tools.tbx\CopyFeatures" Date="20120130" Time="172435">CopyFeatures "building_polygons selection" C:\Users\Michael\Desktop\una_test\test_files\small_building_polygons.shp # 0 0 0</Process><Process ToolSource="C:\Program Files (x86)\ArcGIS\Desktop10.0\ArcToolbox\Toolboxes\Data Management Tools.tbx\FeatureToPoint" Date="20120130" Time="173204">FeatureToPoint C:\Users\Michael\Desktop\una_test\test_files\small_building_polygons.shp C:\Users\Michael\Desktop\UNA\urban-network-analysis-toolbox\Symbology_Layers\small_building_polygons_CENTROID_FeatureToPoint.shp CENTROID</Process><Process ToolSource="C:\Program Files (x86)\ArcGIS\Desktop10.0\ArcToolbox\Toolboxes\Network Analyst Tools.tbx\CalculateLocations" Date="20120130" Time="173207">CalculateLocations C:\Users\Michael\Desktop\UNA\urban-network-analysis-toolbox\Symbology_Layers\small_building_polygons_CENTROID_FeatureToPoint.shp C:\Users\Michael\Desktop\una_test\test_files\cam-som.gdb\streets3\streets3_ND "5000 Meters" "streets3_ND_Junctions SHAPE;cam_som_streets3 SHAPE" MATCH_TO_CLOSEST SourceID SourceOID PosAlong SideOfEdge SnapX SnapY Distance # # INCLUDE "cam_som_streets3 #;streets3_ND_Junctions #"</Process><Process ToolSource="C:\Program Files (x86)\ArcGIS\Desktop10.0\ArcToolbox\Toolboxes\Data Management Tools.tbx\AddField" Date="20120130" Time="173208">AddField C:\Users\Michael\Desktop\UNA\urban-network-analysis-toolbox\Symbology_Layers\small_building_polygons_CENTROID_FeatureToPoint.shp Barrier_Co DOUBLE # # # # NON_NULLABLE NON_REQUIRED #</Process><Process ToolSource="C:\Program Files (x86)\ArcGIS\Desktop10.0\ArcToolbox\Toolboxes\Data Management Tools.tbx\CopyFeatures" Date="20120130" Time="180528">CopyFeatures C:\Users\Michael\Desktop\UNA\urban-network-analysis-toolbox\Symbology_Layers\small_building_polygons_CENTROID_FeatureToPoint.shp C:\Users\Michael\Desktop\UNA\urban-network-analysis-toolbox\Symbology_Layers\Point_Straightness_Symbology_Featureclass.shp # 0 0 0</Process><Process ToolSource="C:\Program Files (x86)\ArcGIS\Desktop10.0\ArcToolbox\Toolboxes\Data Management Tools.tbx\AddField" Date="20120130" Time="180536">AddField C:\Users\Michael\Desktop\UNA\urban-network-analysis-toolbox\Symbology_Layers\Point_Straightness_Symbology_Layer.lyr Straightne DOUBLE # # # # NON_NULLABLE NON_REQUIRED #</Process></lineage><itemProps><itemName Sync="TRUE">Point_Straightness_Symbology_Featureclass</itemName><imsContentType Sync="TRUE">002</imsContentType><itemSize Sync="TRUE">0.000</itemSize><itemLocation><linkage Sync="TRUE">file://\\MICHAEL-PC\C$\Users\Michael\Desktop\UNA\urban-network-analysis-toolbox\Symbology_Layers\Point_Straightness_Symbology_Featureclass.shp</linkage><protocol Sync="TRUE">Local Area Network</protocol></itemLocation></itemProps><coordRef><type Sync="TRUE">Projected</type><geogcsn Sync="TRUE">GCS_North_American_1983</geogcsn><projcsn Sync="TRUE">NAD_1983_StatePlane_Massachusetts_Mainland_FIPS_2001_Feet</projcsn><peXml Sync="TRUE">&lt;ProjectedCoordinateSystem xsi:type='typens:ProjectedCoordinateSystem' xmlns:xsi='http://www.w3.org/2001/XMLSchema-instance' xmlns:xs='http://www.w3.org/2001/XMLSchema' xmlns:typens='http://www.esri.com/schemas/ArcGIS/10.0'&gt;&lt;WKT&gt;PROJCS[&amp;quot;NAD_1983_StatePlane_Massachusetts_Mainland_FIPS_2001_Feet&amp;quot;,GEOGCS[&amp;quot;GCS_North_American_1983&amp;quot;,DATUM[&amp;quot;D_North_American_1983&amp;quot;,SPHEROID[&amp;quot;GRS_1980&amp;quot;,6378137.0,298.257222101]],PRIMEM[&amp;quot;Greenwich&amp;quot;,0.0],UNIT[&amp;quot;Degree&amp;quot;,0.0174532925199433]],PROJECTION[&amp;quot;Lambert_Conformal_Conic&amp;quot;],PARAMETER[&amp;quot;False_Easting&amp;quot;,656166.6666666665],PARAMETER[&amp;quot;False_Northing&amp;quot;,2460625.0],PARAMETER[&amp;quot;Central_Meridian&amp;quot;,-71.5],PARAMETER[&amp;quot;Standard_Parallel_1&amp;quot;,41.71666666666667],PARAMETER[&amp;quot;Standard_Parallel_2&amp;quot;,42.68333333333333],PARAMETER[&amp;quot;Latitude_Of_Origin&amp;quot;,41.0],UNIT[&amp;quot;Foot_US&amp;quot;,0.3048006096012192],AUTHORITY[&amp;quot;EPSG&amp;quot;,2249]]&lt;/WKT&gt;&lt;XOrigin&gt;-119851500&lt;/XOrigin&gt;&lt;YOrigin&gt;-94498200&lt;/YOrigin&gt;&lt;XYScale&gt;37371882.687749371&lt;/XYScale&gt;&lt;ZOrigin&gt;-100000&lt;/ZOrigin&gt;&lt;ZScale&gt;10000&lt;/ZScale&gt;&lt;MOrigin&gt;-100000&lt;/MOrigin&gt;&lt;MScale&gt;10000&lt;/MScale&gt;&lt;XYTolerance&gt;0.0032808333333333335&lt;/XYTolerance&gt;&lt;ZTolerance&gt;0.001&lt;/ZTolerance&gt;&lt;MTolerance&gt;0.001&lt;/MTolerance&gt;&lt;HighPrecision&gt;true&lt;/HighPrecision&gt;&lt;WKID&gt;2249&lt;/WKID&gt;&lt;/ProjectedCoordinateSystem&gt;</peXml></coordRef></DataProperties><ArcGISFormat>1.0</ArcGISFormat></Esri><idinfo><native Sync="TRUE">Microsoft Windows XP Version 5.1 (Build 2600) Service Pack 3; ESRI ArcCatalog 9.3.1.1850</native><descript><langdata Sync="TRUE">en</langdata><abstract>All Cambridge building structures are in the Buildings layer. With the exception of new building footprints manually added from architectural plans, building polygons are actually the outline of the roofline. Sometimes buildings with large overhangs will appear larger than the actual building footprint.</abstract><purpose>This data layer is used for our detailed base maps. Most buildings have attributes with roofline elevations and the highest point elevation above sea level. The buildings have a unique ID, which allows this layer to be joined with the City's master address database. </purpose></descript><citation><citeinfo><origin>City of Cambridge GIS</origin><pubdate>1995; 2003</pubdate><title>Buildings</title><ftname Sync="TRUE">cam_som_buildings</ftname><geoform Sync="TRUE">vector digital data</geoform><onlink Sync="TRUE">\\ANDRES-MAC-PRO\C$\Documents and Settings\Andres Sevtsuk\My Documents\Dissertation_Research\data\cambridge-somerville\buildings\new_buildings\cam_som_buildings.shp</onlink></citeinfo></citation><timeperd><current>ground condition</current><timeinfo><sngdate><caldate>2007</caldate></sngdate></timeinfo></timeperd><status><progress>Complete</progress><update>Quarterly</update></status><spdom><bounding><westbc Sync="TRUE">-71.167971</westbc><eastbc Sync="TRUE">-71.056427</eastbc><northbc Sync="TRUE">42.423674</northbc><southbc Sync="TRUE">42.346798</southbc></bounding><lboundng><leftbc Sync="TRUE">745923.357821</leftbc><rightbc Sync="TRUE">775932.123262</rightbc><bottombc Sync="TRUE">2951712.931477</bottombc><topbc Sync="TRUE">2979592.764169</topbc></lboundng><minalti Sync="TRUE">-2.103500</minalti><maxalti Sync="TRUE">40.746000</maxalti></spdom><keywords><theme><themekey>Buildings, structures</themekey></theme></keywords><natvform Sync="TRUE">Shapefile</natvform><ptcontac><cntinfo><cntperp><cntorg>City of Cambridge GIS</cntorg></cntperp><cntpos>GIS Manager</cntpos><cntaddr><addrtype>mailing and physical address</addrtype><address>831 Massachusetts Ave., 2nd Floor</address><city>Cambridge</city><state>MA</state><postal>02139</postal></cntaddr><cntvoice>617-349-4140</cntvoice><cntfax>617-349-6165</cntfax><cntemail>gis@cambridgema.gov</cntemail></cntinfo></ptcontac></idinfo><dataIdInfo><envirDesc Sync="TRUE">Microsoft Windows Server 2008 R2 Version 6.1 (Build 7600) ; ESRI ArcGIS 10.0.0.2414</envirDesc><dataLang><languageCode Sync="TRUE" value="eng" country="USA"></languageCode></dataLang><idCitation><resTitle Sync="TRUE">Point_Straightness_Symbology_Featureclass</resTitle><presForm><PresFormCd Sync="TRUE" value="005"></PresFormCd></presForm></idCitation><spatRpType><SpatRepTypCd Sync="TRUE" value="001"></SpatRepTypCd></spatRpType><dataExt><geoEle><GeoBndBox esriExtentType="native"><westBL Sync="TRUE">745923.357821</westBL><eastBL Sync="TRUE">775932.123262</eastBL><northBL Sync="TRUE">2979592.764169</northBL><southBL Sync="TRUE">2951712.931477</southBL><exTypeCode Sync="TRUE">1</exTypeCode></GeoBndBox></geoEle><vertEle><vertMinVal Sync="TRUE">-2.1035</vertMinVal><vertMaxVal Sync="TRUE">40.746</vertMaxVal></vertEle></dataExt><geoBox esriExtentType="decdegrees"><westBL Sync="TRUE">-71.167971</westBL><eastBL Sync="TRUE">-71.056427</eastBL><northBL Sync="TRUE">42.423674</northBL><southBL Sync="TRUE">42.346798</southBL><exTypeCode Sync="TRUE">1</exTypeCode></geoBox><descKeys><thesaName uuidref="723f6998-058e-11dc-8314-0800200c9a66"></thesaName><keyword Sync="TRUE">002</keyword></descKeys></dataIdInfo><metainfo><langmeta Sync="TRUE">en</langmeta><metstdn Sync="TRUE">FGDC Content Standards for Digital Geospatial Metadata</metstdn><metstdv Sync="TRUE">FGDC-STD-001-1998</metstdv><mettc Sync="TRUE">local time</mettc><metc><cntinfo><cntorgp><cntorg>City of Cambridge GIS</cntorg></cntorgp><cntaddr><addrtype>mailing and physical address</addrtype><city>Cambridge</city><state>MA</state><postal>02139</postal><address>831 Massachusetts Ave., 2nd  Floor</address></cntaddr><cntvoice>617-349-4140</cntvoice><cntpos>GIS Manager</cntpos><cntfax>617-349-6165</cntfax><cntemail>gis@cambridgema.gov</cntemail></cntinfo></metc><metd Sync="TRUE">20090907</metd></metainfo><mdLang><languageCode Sync="TRUE" value="eng"></languageCode></mdLang><mdStanName Sync="TRUE">ISO 19115 Geographic Information - Metadata</mdStanName><mdStanVer Sync="TRUE">DIS_ESRI1.0</mdStanVer><mdChar><CharSetCd Sync="TRUE" value="004"></CharSetCd></mdChar><mdHrLv><ScopeCd Sync="TRUE" value="005"></ScopeCd></mdHrLv><mdHrLvName Sync="TRUE">dataset</mdHrLvName><distinfo><resdesc>Included with standard data requests</resdesc><stdorder><ordering>Data requests can be made by visiting this website: http://www.cambridgema.gov/gis/datasales.cfm</ordering><digform><digtinfo><transize Sync="TRUE">14.775</transize><dssize Sync="TRUE">14.775</dssize></digtinfo></digform></stdorder></distinfo><distInfo><distributor><distorTran><onLineSrc><orDesc Sync="TRUE">002</orDesc><linkage Sync="TRUE">file://\\ANDRES-MAC-PRO\C$\Documents and Settings\Andres Sevtsuk\My Documents\Dissertation_Research\data\cambridge-somerville\buildings\new_buildings\cam_som_buildings.shp</linkage><protocol Sync="TRUE">Local Area Network</protocol></onLineSrc><transSize Sync="TRUE">14.775</transSize></distorTran><distorFormat><formatName Sync="TRUE">Shapefile</formatName></distorFormat></distributor><distFormat><formatName Sync="TRUE">Shapefile</formatName></distFormat><distTranOps><transSize Sync="TRUE">0.000</transSize></distTranOps></distInfo><spdoinfo><direct Sync="TRUE">Vector</direct><ptvctinf><esriterm Name="Point_Straightness_Symbology_Featureclass"><efeatyp Sync="TRUE">Simple</efeatyp><efeageom Sync="TRUE">1</efeageom><esritopo Sync="TRUE">FALSE</esritopo><efeacnt Sync="TRUE">0</efeacnt><spindex Sync="TRUE">FALSE</spindex><linrefer Sync="TRUE">TRUE</linrefer></esriterm></ptvctinf></spdoinfo><spref><horizsys><cordsysn><geogcsn Sync="TRUE">GCS_North_American_1983</geogcsn><projcsn Sync="TRUE">NAD_1983_StatePlane_Massachusetts_Mainland_FIPS_2001_Feet</projcsn></cordsysn><planar><planci><plance Sync="TRUE">coordinate pair</plance><plandu Sync="TRUE">survey feet</plandu><coordrep><absres Sync="TRUE">0.000328</absres><ordres Sync="TRUE">0.000328</ordres></coordrep></planci></planar><geodetic><horizdn Sync="TRUE">North American Datum of 1983</horizdn><ellips Sync="TRUE">Geodetic Reference System 80</ellips><semiaxis Sync="TRUE">6378137.000000</semiaxis><denflat Sync="TRUE">298.257222</denflat></geodetic></horizsys><vertdef><altsys><altenc Sync="TRUE">Explicit elevation coordinate included with horizontal coordinates</altenc><altres Sync="TRUE">0.000100</altres></altsys></vertdef></spref><refSysInfo><RefSystem><refSysID><identCode Sync="TRUE" code="2249">NAD_1983_StatePlane_Massachusetts_Mainland_FIPS_2001_Feet</identCode><idCodeSpace Sync="TRUE">EPSG</idCodeSpace><idVersion Sync="TRUE">7.4.1</idVersion></refSysID></RefSystem></refSysInfo><spatRepInfo><VectSpatRep><topLvl><TopoLevCd Sync="TRUE" value="001"></TopoLevCd></topLvl><geometObjs Name="cam_som_buildings"><geoObjTyp><GeoObjTypCd Sync="TRUE" value="004"></GeoObjTypCd><geoObjCnt Sync="TRUE">0</geoObjCnt></geoObjTyp><geoObjCnt Sync="TRUE">42293</geoObjCnt></geometObjs></VectSpatRep></spatRepInfo><eainfo><detailed Name="Point_Straightness_Symbology_Featureclass"><enttyp><enttypl Sync="TRUE">Point_Straightness_Symbology_Featureclass</enttypl><enttypt Sync="TRUE">Feature Class</enttypt><enttypc Sync="TRUE">0</enttypc></enttyp><attr><attrlabl Sync="TRUE">ORIG_FID</attrlabl><attalias Sync="TRUE">FID</attalias><attrtype Sync="TRUE">OID</attrtype><attwidth Sync="TRUE">4</attwidth><atprecis Sync="TRUE">0</atprecis><attscale Sync="TRUE">0</attscale><attrdef Sync="TRUE">Internal feature number.</attrdef><attrdefs Sync="TRUE">ESRI</attrdefs><attrdomv><udom Sync="TRUE">Sequential unique whole numbers that are automatically generated.</udom></attrdomv></attr><attr><attrlabl Sync="TRUE">BLDNG_ID</attrlabl><attalias Sync="TRUE">BLDNG_ID</attalias><attrtype Sync="TRUE">Integer</attrtype><attwidth Sync="TRUE">9</attwidth><atprecis Sync="TRUE">9</atprecis><attscale Sync="TRUE">0</attscale><attrdef Sync="TRUE">Internal feature number.</attrdef><attrdefs Sync="TRUE">ESRI</attrdefs><attrdomv><udom Sync="TRUE">Sequential unique whole numbers that are automatically generated.</udom></attrdomv></attr><attr><attrlabl Sync="TRUE">xcoord</attrlabl><attalias Sync="TRUE">xcoord</attalias><attrtype Sync="TRUE">Double</attrtype><attwidth Sync="TRUE">19</attwidth><atprecis Sync="TRUE">0</atprecis><attscale Sync="TRUE">0</attscale><attrdef Sync="TRUE">Internal feature number.</attrdef><attrdefs Sync="TRUE">ESRI</attrdefs><attrdomv><udom Sync="TRUE">Sequential unique whole numbers that are automatically generated.</udom></attrdomv></attr><attr><attrlabl Sync="TRUE">ycoord</attrlabl><attalias Sync="TRUE">ycoord</attalias><attrtype Sync="TRUE">Double</attrtype><attwidth Sync="TRUE">19</attwidth><attrdef Sync="TRUE">Internal feature number.</attrdef><attrdefs Sync="TRUE">ESRI</attrdefs><attrdomv><udom Sync="TRUE">Sequential unique whole numbers that are automatically generated.</udom></attrdomv><atprecis Sync="TRUE">0</atprecis><attscale Sync="TRUE">0</attscale></attr><attr><attrlabl Sync="TRUE">Shape_Area</attrlabl><attalias Sync="TRUE">Shape_Area</attalias><attrtype Sync="TRUE">Double</attrtype><attwidth Sync="TRUE">19</attwidth><attrdef Sync="TRUE">Area of feature in internal units squared.</attrdef><attrdefs Sync="TRUE">ESRI</attrdefs><attrdomv><udom Sync="TRUE">Positive real numbers that are automatically generated.</udom></attrdomv><atprecis Sync="TRUE">0</atprecis><attscale Sync="TRUE">0</attscale></attr><attr><attrlabl Sync="TRUE">Shape</attrlabl><attalias Sync="TRUE">OBJECTID</attalias><attrtype Sync="TRUE">Integer</attrtype><attwidth Sync="TRUE">9</attwidth><attrdef Sync="TRUE">Feature geometry.</attrdef><attrdefs Sync="TRUE">ESRI</attrdefs><attrdomv><udom Sync="TRUE">Coordinates defining the features.</udom></attrdomv><atprecis Sync="TRUE">9</atprecis><attscale Sync="TRUE">0</attscale></attr><attr><attrlabl Sync="TRUE">OBJECTID</attrlabl><attalias Sync="TRUE">SRC_DATE</attalias><attrtype Sync="TRUE">Double</attrtype><attwidth Sync="TRUE">19</attwidth><atprecis Sync="TRUE">0</atprecis><attscale Sync="TRUE">0</attscale></attr><attr><attrlabl Sync="TRUE">SRC_DATE</attrlabl><attalias Sync="TRUE">Shape_Leng</attalias><attrtype Sync="TRUE">Double</attrtype><attwidth Sync="TRUE">19</attwidth><attrdef>Year in which the data was entered</attrdef><attrdefs Sync="TRUE">ESRI</attrdefs><attrdomv><udom Sync="TRUE">Coordinates defining the features.</udom></attrdomv><atprecis Sync="TRUE">0</atprecis><attscale Sync="TRUE">0</attscale></attr><attr><attrlabl Sync="TRUE">Shape_Leng</attrlabl><attalias Sync="TRUE">Shape</attalias><attrtype Sync="TRUE">Geometry</attrtype><attwidth Sync="TRUE">0</attwidth><attrdef Sync="TRUE">Feature geometry.</attrdef><attrdefs Sync="TRUE">ESRI</attrdefs><attrdomv><udom Sync="TRUE">Coordinates defining the features.</udom></attrdomv><atprecis Sync="TRUE">0</atprecis><attscale Sync="TRUE">0</attscale></attr><attr><attrlabl Sync="TRUE">SHAPE</attrlabl><attalias Sync="TRUE">ORIG_FID</attalias><attrtype Sync="TRUE">Integer</attrtype><attwidth Sync="TRUE">9</attwidth><attrdef Sync="TRUE">Feature geometry.</attrdef><attrdefs Sync="TRUE">ESRI</attrdefs><attrdomv><udom Sync="TRUE">Coordinates defining the features.</udom></attrdomv><atprecis Sync="TRUE">9</atprecis><attscale Sync="TRUE">0</attscale></attr><attr><attrlabl Sync="TRUE">SourceID</attrlabl><attalias Sync="TRUE">SourceID</attalias><attrtype Sync="TRUE">Integer</attrtype><attwidth Sync="TRUE">9</attwidth><atprecis Sync="TRUE">9</atprecis><attscale Sync="TRUE">0</attscale></attr><attr><attrlabl Sync="TRUE">SourceOID</attrlabl><attalias Sync="TRUE">SourceOID</attalias><attrtype Sync="TRUE">Integer</attrtype><attwidth Sync="TRUE">9</attwidth><atprecis Sync="TRUE">9</atprecis><attscale Sync="TRUE">0</attscale></attr><attr><attrlabl Sync="TRUE">PosAlong</attrlabl><attalias Sync="TRUE">PosAlong</attalias><attrtype Sync="TRUE">Double</attrtype><attwidth Sync="TRUE">19</attwidth><atprecis Sync="TRUE">0</atprecis><attscale Sync="TRUE">0</attscale></attr><attr><attrlabl Sync="TRUE">SideOfEdge</attrlabl><attalias Sync="TRUE">SideOfEdge</attalias><attrtype Sync="TRUE">Integer</attrtype><attwidth Sync="TRUE">9</attwidth><atprecis Sync="TRUE">9</atprecis><attscale Sync="TRUE">0</attscale></attr><attr><attrlabl Sync="TRUE">SnapX</attrlabl><attalias Sync="TRUE">SnapX</attalias><attrtype Sync="TRUE">Double</attrtype><attwidth Sync="TRUE">19</attwidth><atprecis Sync="TRUE">0</atprecis><attscale Sync="TRUE">0</attscale></attr><attr><attrlabl Sync="TRUE">SnapY</attrlabl><attalias Sync="TRUE">SnapY</attalias><attrtype Sync="TRUE">Double</attrtype><attwidth Sync="TRUE">19</attwidth><atprecis Sync="TRUE">0</atprecis><attscale Sync="TRUE">0</attscale></attr><attr><attrlabl Sync="TRUE">Distance</attrlabl><attalias Sync="TRUE">Distance</attalias><attrtype Sync="TRUE">Double</attrtype><attwidth Sync="TRUE">19</attwidth><atprecis Sync="TRUE">0</atprecis><attscale Sync="TRUE">0</attscale></attr><attr><attrlabl Sync="TRUE">Barrier_Co</attrlabl><attalias Sync="TRUE">Barrier_Co</attalias><attrtype Sync="TRUE">Double</attrtype><attwidth Sync="TRUE">19</attwidth><atprecis Sync="TRUE">0</atprecis><attscale Sync="TRUE">0</attscale></attr></detailed></eainfo><mdDateSt Sync="TRUE">20120130</mdDateSt><dataqual><posacc><horizpa><horizpar>Original buildings data from the flyover were compiled using photogrammetric methods to meet ASPRS Class 1 accuracy standards for 1" = 100' scale mapping. The Buildings layer has been manually updated with major footprint changes through 2007 from georeferenced building plans.</horizpar></horizpa></posacc><lineage><procstep><procdesc Sync="TRUE">Dataset copied.</procdesc><srcused Sync="TRUE">\\ANDRES-MAC-PRO\C$\Dissertation_GIS\scratch.gdb</srcused><procdate Sync="TRUE">20090727</procdate><proctime Sync="TRUE">13412100</proctime></procstep></lineage></dataqual></metadata>
